feature,shap_importance
mindist,0.3385594917143413
year_built,0.18182266976241704
Buildinglong,0.08127893304965716
hazards_present,0.05167410801419479
roof_substrate_type,0.02483576337762726
Buildinglat,0.024278285288673675
roof_system,0.022675587899184405
wall_structure,0.012603675697331087
roof_cover,0.011822377363534716
wall_substrate,0.00868821783107989
foundation_type,0.006114137754353051
roof_shape,0.0031767577697618433
