feature,mean_importance
Buildinglat,-0.008538049524109614
foundation_type,-0.0017983629979856364
roof_cover,-0.0008161587511376301
roof_shape,2.9805825334605628e-05
wall_substrate,3.2631902862312324e-05
wall_structure,0.005870006783016124
roof_substrate_type,0.0061733351621531705
roof_system,0.011424257371880797
Buildinglong,0.036350388190541885
hazards_present,0.07508707984405827
year_built,0.17288165512809153
mindist,0.3234400104447236
