feature,mean_importance
wall_substrate,-0.00021175969069016088
Buildinglat,0.000734295642612115
roof_cover,0.0008075447571239902
wall_structure,0.0008641005115647582
roof_shape,0.0011304226597829148
foundation_type,0.0016823346497675917
roof_substrate_type,0.007693756815367547
Buildinglong,0.02126482825473388
roof_system,0.02383073733991172
hazards_present,0.07035636294281108
year_built,0.1465850362071197
mindist,0.17114791524513168
