feature,mean_importance
roof_shape,-0.00319025069349359
foundation_type,0.00017006558141887673
roof_cover,0.0013218650368831853
wall_substrate,0.003531291503774647
wall_structure,0.003897492914428069
roof_system,0.011537589634936674
Buildinglat,0.027064060274777015
roof_substrate_type,0.02806781316925482
Buildinglong,0.08931309926967387
year_built,0.16272838965079195
hazards_present,0.18322902320081763
mindist,0.31079306700277715
