feature,mean_importance
Buildinglat,-0.03143269884981359
roof_cover,-0.006356718336703038
wall_substrate,-0.005583056987475099
roof_substrate_type,-0.0027861693025202474
roof_shape,0.00012516887114526475
wall_structure,0.0030849690838768763
foundation_type,0.0037252761773882703
Buildinglong,0.02057904551705627
roof_system,0.024500700248138708
hazards_present,0.08657504799979085
year_built,0.1614256628804554
mindist,0.21914479393078085
