feature,mean_importance
roof_cover,-0.0018736862903992123
roof_shape,-0.00021160740607386596
wall_substrate,0.002206434677112834
foundation_type,0.006010697152644506
wall_structure,0.007138509220763889
roof_system,0.01725132740716038
Buildinglat,0.01754782827644632
roof_substrate_type,0.018538140409963554
Buildinglong,0.06692561290444446
hazards_present,0.11207561633500987
year_built,0.14461337186978912
mindist,0.4026563454404501
