feature,mean_importance
Buildinglat,-0.024684833227563097
wall_substrate,-0.006973355591043262
roof_cover,-0.0010676369599712076
roof_shape,-0.00044504112539005546
foundation_type,-0.0004073975711793798
wall_structure,0.005774927053027889
Buildinglong,0.009042119026253136
roof_substrate_type,0.01607041650411356
roof_system,0.019436939602389746
hazards_present,0.07977561825908955
year_built,0.17750047895510765
mindist,0.21496818031886322
