feature,shap_importance
mindist,0.33297123037114584
year_built,0.19283358293967132
Buildinglong,0.10422624502449435
hazards_present,0.05431401894735287
Buildinglat,0.026251998259571415
roof_system,0.025861808149574752
roof_substrate_type,0.02464320251947834
wall_structure,0.016248797308863663
roof_cover,0.015938593058377967
wall_substrate,0.010320059028072336
foundation_type,0.007291144885145321
roof_shape,0.005355591608796343
