feature,mean_importance
Buildinglat,-0.007436094728794562
wall_substrate,0.0004142026226926276
roof_cover,0.0025088789534965404
roof_shape,0.0027855039593845943
wall_structure,0.0036986240458862785
foundation_type,0.00411341590555252
roof_substrate_type,0.0046869879179653575
Buildinglong,0.025172390068541484
roof_system,0.025273181471356775
hazards_present,0.07818343435193842
year_built,0.14470337665588942
mindist,0.17761498938129347
