feature,mean_importance
Buildinglat,-0.011607191635226877
foundation_type,-0.0009574619992139599
roof_shape,-0.0007050513394872393
roof_cover,0.0007733196613984861
wall_substrate,0.0037380202524751605
roof_substrate_type,0.005255762442815892
wall_structure,0.006935543282519352
roof_system,0.010073723034872884
Buildinglong,0.03832859305771019
hazards_present,0.08128230419258246
year_built,0.1864724953584742
mindist,0.3095287976975314
