feature,mean_importance
roof_cover,-0.00182439168176749
roof_shape,-0.001763148647236945
wall_substrate,0.0028591901484442683
foundation_type,0.0072722176306182496
wall_structure,0.009176596787517522
Buildinglat,0.013405359641444247
roof_substrate_type,0.019686416019245544
roof_system,0.021208404073783615
Buildinglong,0.0789296103620795
hazards_present,0.11882349656261212
year_built,0.16378121119179986
mindist,0.40743546533626096
