feature,mean_importance
roof_shape,-0.01350141401329048
roof_cover,-0.009747800363974468
wall_substrate,-0.0025623018381789155
year_built,0.004971500236728876
wall_structure,0.012173455048316174
roof_system,0.023398711867433253
foundation_type,0.03616650095571301
roof_substrate_type,0.042118955163645874
Buildinglat,0.05521126603859432
Buildinglong,0.11622968926973645
hazards_present,0.21301858559417158
mindist,0.43778785135858644
