feature,mean_importance
wall_structure,-0.019871232064138877
roof_cover,-0.0037291736589709413
year_built,0.004925129876339951
wall_substrate,0.006357460398714476
roof_shape,0.04603400193922609
hazards_present,0.05551099380714268
roof_system,0.06937150752631785
Buildinglat,0.09716988009760656
roof_substrate_type,0.11518573050123508
foundation_type,0.17673013735638934
Buildinglong,0.20230200403732068
mindist,0.38935372382410594
