feature,mean_importance
wall_substrate_Unknown,-0.002599638165938112
roof_cover_Asphaltshingleslaminated,0.019808537334453046
roof_substrate_type_Unknown,0.037532617473142314
wall_structure_nan,0.0426991204000152
building_type_SingleFamily,0.090005802957174
number_of_stories,0.09303537384224118
Unnamed0,0.10026798425670817
year_built,0.27303188963832037
mindist,0.38927280421375954
