feature,mean_importance
wall_structure_nan,0.01193900048965051
roof_cover_Asphaltshingleslaminated,0.014563270568000752
wall_substrate_Unknown,0.015588294795207357
building_type_SingleFamily,0.019051184420497403
roof_substrate_type_Unknown,0.08934910925126147
number_of_stories,0.10041710423525511
Unnamed0,0.11686766618251376
year_built,0.2297069525171974
mindist,0.39402976465017064
