feature,mean_importance
roof_system,-0.012037851020152646
wall_substrate,-0.0067674610102650854
roof_cover,-0.0020913774328215505
year_built,0.00018715231187251823
foundation_type,0.0031320557872958955
roof_shape,0.0070330681464909174
roof_substrate_type,0.014275046324493923
hazards_present,0.015874427739594178
mindist,0.046633794243417626
