feature,mean_importance
roof_cover,-0.061523260702158564
year_built,0.03332552978002434
roof_shape,0.04905980148751139
foundation_type,0.06674290440420867
wall_substrate,0.22418309221892513
roof_substrate_type,0.29778468293160676
hazards_present,0.42879151894930356
roof_system,0.5490381779768936
mindist,1.2807972738275946
