feature,mean_importance
roof_shape,-0.02165009865436085
hazards_present,-0.01913905265789224
foundation_type,-0.015856734506241567
roof_substrate_type,0.00012254830528335425
roof_cover,0.0228970968458043
year_built,0.02947827534345602
wall_substrate,0.04706412145212737
roof_system,0.15255857706588677
mindist,0.1916470643315707
