feature,mean_importance
roof_shape,-0.02303900203064182
wall_substrate,-0.010844259068575246
roof_system,0.019124957663203945
roof_substrate_type,0.023341137176706626
year_built,0.027000050221804895
roof_cover,0.054117776336831055
foundation_type,0.07374533032483535
mindist,0.1707842564864647
hazards_present,0.1745489544882878
