feature,mean_importance
wall_substrate,-0.008799145792330498
hazards_present,-0.0027997827962032763
roof_cover,0.002750027133721256
Buildinglat,0.006086475777201316
wall_structure,0.01169929719014473
roof_shape,0.01182102915324863
foundation_type,0.01921030284851457
roof_system,0.027295725266613613
roof_substrate_type,0.028230520500817535
Buildinglong,0.03402044780515005
year_built,0.05884580746473924
mindist,0.19193756724677472
