feature,mean_importance
foundation_type,-0.028558417369086354
roof_system,-0.00971785208450544
year_built,0.009884732077863067
roof_shape,0.018578930968033515
roof_cover,0.02704121772255137
wall_substrate,0.029741093690018962
Buildinglat,0.030746855392319715
roof_substrate_type,0.03924643289796348
wall_structure,0.05038288350406008
Buildinglong,0.0959348616755212
hazards_present,0.10661826278630797
mindist,0.18907910812258572
