feature,mean_importance
roof_shape,-0.017799511523757118
wall_structure,-0.007915527997022132
roof_substrate_type,-0.006447812838367017
wall_substrate,-0.002163510505708466
Buildinglong,0.008843349548629397
roof_cover,0.00989559160867053
year_built,0.01810805842996066
Buildinglat,0.03989476670867646
roof_system,0.04746792597910528
foundation_type,0.049480388607167566
hazards_present,0.06267512181794052
mindist,0.14387230512713217
