feature,mean_importance
wall_substrate_Unknown,0.006225535464799381
roof_cover_Asphaltshingleslaminated,0.0071204176460639475
wall_structure_nan,0.052311078779978606
number_of_stories,0.08172464617076614
roof_substrate_type_Unknown,0.0890730032880201
Unnamed0,0.09747447051275593
building_type_SingleFamily,0.1071452302135413
year_built,0.35577656682029624
mindist,0.6367140676746107
