feature,mean_importance
wall_substrate_Unknown,-0.0031711643518705255
wall_structure_nan,0.009916655686809661
roof_cover_Asphaltshingleslaminated,0.016345671501963487
building_type_SingleFamily,0.04721354613596336
roof_substrate_type_Unknown,0.07278741356718028
number_of_stories,0.09810975095970717
Unnamed0,0.1570914403058146
year_built,0.24241870214566621
mindist,0.5689119582256901
