feature,mean_importance
wall_substrate,-9.992007221626409e-17
rainwater_ingress_damage_rating,7.94377073290331e-05
mindist,0.005902042631165916
roof_substrate_type,0.0073834033021494385
Buildinglat,0.009618354495315895
Unnamed0,0.010844526446235181
hazards_present,0.024243384357401733
surge_damage_rating,0.5295470649953771
wind_damage_rating,3.7654702346489133
