feature,mean_importance
Buildinglat,-0.0020381206909000473
Unnamed0,-0.0012770484334751586
wall_substrate,-0.00021547973845968959
mindist,0.00035941941805343045
hazards_present,0.0007837294057974065
rainwater_ingress_damage_rating,0.002291308497008826
roof_substrate_type,0.0025684594170205964
surge_damage_rating,0.8602351249074495
wind_damage_rating,2.9244646336555205
