feature,mean_importance
hazards_present,-0.0035549921381667015
Buildinglat,-0.0006957976709021762
wall_substrate,-4.4408920985006264e-17
rainwater_ingress_damage_rating,-2.2204460492503132e-17
mindist,-2.2204460492503132e-17
Unnamed0,7.759769274626183e-05
roof_substrate_type,0.001095174867487231
surge_damage_rating,2.576920783676082
wind_damage_rating,4.3307198752599545
