feature,mean_importance
wall_substrate,0.0005772769390494425
rainwater_ingress_damage_rating,0.0009108866334358257
Buildinglat,0.002662622347532928
Unnamed0,0.00320843538040414
roof_substrate_type,0.003514911028017076
mindist,0.005038719345320575
hazards_present,0.00818380275230075
surge_damage_rating,0.6134649905421157
wind_damage_rating,2.7638962967481433
