feature,mean_importance
foundation_type,-0.002555732458422977
year_built,0.0032568920716942616
roof_system,0.006219750130278423
wall_structure,0.006909582851424179
roof_shape,0.008343538602649091
wall_substrate,0.008465089366825485
roof_substrate_type,0.008557993280284037
Buildinglong,0.018313612859648675
roof_cover,0.02496190201940478
Buildinglat,0.025810862629632458
mindist,0.0626464224903448
hazards_present,0.08180905418898246
