feature,mean_importance
wall_substrate,-0.038123785869191164
roof_substrate_type,0.012921729825324423
year_built,0.026658958013259192
wall_structure,0.048614005417866715
Buildinglong,0.05080950607672339
roof_cover,0.0719018959228066
roof_system,0.07404627107987345
roof_shape,0.11042563480314298
Buildinglat,0.11805165891919733
hazards_present,0.12070990127634702
foundation_type,0.12540857665557578
mindist,0.2908009355295268
