feature,mean_importance
roof_shape,-0.03277556611464973
foundation_type,-0.01946998534371005
wall_structure,0.015584487832941862
roof_substrate_type,0.018304069865344698
roof_cover,0.02407095650580604
year_built,0.03621437137076211
wall_substrate,0.05214710537408111
roof_system,0.09319590466185726
Buildinglong,0.09425488106367752
hazards_present,0.10919761767638114
Buildinglat,0.1786481213104983
mindist,0.4271294152960342
