feature,shap_importance
mindist,0.3091139743965656
year_built,0.1973073425022337
Buildinglong,0.09784178419190694
hazards_present,0.0457219119404018
roof_system,0.012934743888014182
roof_substrate_type,0.012876174217475311
roof_shape,0.0042163000189613855
Buildinglat,0.003503435816743379
wall_structure,0.0005830008589475627
foundation_type,0.0
wall_substrate,0.0
roof_cover,0.0
