feature,shap_importance
mindist,0.3197621984744264
year_built,0.13244540235485258
Buildinglong,0.06094461474394149
Buildinglat,0.03333380729085269
hazards_present,0.03110239353980981
roof_system,0.027743517239588268
wall_structure,0.02130599928469277
roof_substrate_type,0.014622491422068356
roof_cover,0.008166571160991716
wall_substrate,0.0020705582749594178
roof_shape,0.0017283939645233507
foundation_type,0.0016415385470713183
