feature,mean_importance
roof_cover,-0.004234113788584848
roof_shape,0.00041083878662011574
wall_substrate,0.00268323844749887
foundation_type,0.0034080167037418676
wall_structure,0.010574871375767824
roof_substrate_type,0.010903950023446685
Buildinglat,0.011990005755449928
roof_system,0.012220952317523293
Buildinglong,0.04013745068233221
hazards_present,0.05650293968365279
year_built,0.10228214766214842
mindist,0.387935593533756
