feature,mean_importance
Buildinglat,-0.0002026347979086518
roof_shape,0.0
wall_substrate,0.0
roof_cover,1.5628776394627232e-05
wall_structure,0.001664337654955572
foundation_type,0.001827401277697649
roof_substrate_type,0.006541917419149512
roof_system,0.012687289278729818
Buildinglong,0.015590340114533552
hazards_present,0.056902542463879754
year_built,0.11184423437661446
mindist,0.1737644153252682
