feature,mean_importance
roof_substrate_type,-0.004063297574663305
Buildinglat,-0.0023409831853687725
wall_structure,-0.00016177520471953865
foundation_type,0.0
wall_substrate,0.0
roof_cover,0.0
roof_shape,0.0007435679585801047
roof_system,0.003949406566909763
Buildinglong,0.018573730656626642
hazards_present,0.053446265402486225
year_built,0.10355760358639851
mindist,0.2435502297146412
