feature,mean_importance
roof_substrate_type,-0.004946034629949403
wall_substrate,-0.001109945447385674
Buildinglat,0.0021942031203871616
roof_shape,0.003939611607999915
foundation_type,0.012752056669861966
Buildinglong,0.013035283762286154
wall_structure,0.017278910545358926
roof_cover,0.027968447947613016
hazards_present,0.03150873794488629
roof_system,0.051252992366714656
year_built,0.07644467537470032
mindist,0.14141650659757235
