feature,mean_importance
roof_shape,-0.03738779623662458
wall_structure,-0.01421340678521108
Buildinglong,-0.014189807012272414
hazards_present,-0.011920633925293522
roof_substrate_type,-0.01142164266003618
wall_substrate,-0.005214343022245415
Buildinglat,0.004719352834889534
foundation_type,0.028020599148989644
roof_cover,0.04038633071020379
roof_system,0.05768194811692253
mindist,0.1196015025883497
year_built,0.1844013887851889
