feature,mean_importance
roof_shape,-0.03290150187250238
foundation_type,-0.0047939395907425466
roof_cover,0.003831532930280357
roof_substrate_type,0.02189087183972325
wall_substrate,0.022286151114250162
Buildinglong,0.028993598750556515
wall_structure,0.04295968053373076
hazards_present,0.05491473963836564
Buildinglat,0.05679342608806914
year_built,0.06056989625039377
roof_system,0.07728750707583643
mindist,0.2343985729579654
