feature,mean_importance
wall_structure_nan,0.006856723813658294
wall_substrate_Unknown,0.014605882386457703
roof_cover_Asphaltshingleslaminated,0.01665736563300222
building_type_SingleFamily,0.037867927534995946
roof_substrate_type_Unknown,0.07168684312762705
number_of_stories,0.0757215999922678
Unnamed0,0.1612949029287536
year_built,0.21217161688406003
mindist,0.30376675643124024
