feature,mean_importance
number_of_stories,0.0020273746191981747
roof_substrate_type_Unknown,0.016600214250149257
wall_structure_nan,0.019995195886924288
wall_substrate_Unknown,0.022723345990629952
roof_cover_Asphaltshingleslaminated,0.03426434886941747
building_type_SingleFamily,0.04708523678786627
Unnamed0,0.07377706513301296
mindist,0.23868811529504202
year_built,0.31291655579704303
