feature,mean_importance
wall_substrate_Unknown,-0.00498623254955668
wall_structure_nan,0.005175419404086834
roof_cover_Asphaltshingleslaminated,0.009544783893822384
number_of_stories,0.0579316994603402
roof_substrate_type_Unknown,0.06204717024779642
building_type_SingleFamily,0.06400526648411375
Unnamed0,0.14713183727124096
year_built,0.18882988704267928
mindist,0.2551169066746979
