feature,mean_importance
wall_substrate_Unknown,0.010730218517906143
wall_structure_nan,0.015489543259733507
roof_cover_Asphaltshingleslaminated,0.026669577018000212
building_type_SingleFamily,0.04558023997706369
roof_substrate_type_Unknown,0.06386909130828104
number_of_stories,0.0963566240708849
Unnamed0,0.16954895228056271
year_built,0.26848269818759257
mindist,0.40224327990827274
