feature,mean_importance
wall_substrate_Unknown,-0.008141961709199008
wall_structure_nan,0.010585800718099914
roof_cover_Asphaltshingleslaminated,0.038355708451901505
number_of_stories,0.05540410842107153
building_type_SingleFamily,0.05657549529874264
roof_substrate_type_Unknown,0.058122896616257226
Unnamed0,0.12496619976154186
year_built,0.17200235543594852
mindist,0.2304534749866991
