feature,mean_importance
Buildinglat,-0.002903055996426418
foundation_type,-0.0005321960494452549
roof_shape,0.0
wall_substrate,0.0
roof_cover,0.0004900430543213874
roof_substrate_type,0.0012179849759501149
roof_system,0.0029328053284013444
wall_structure,0.003991296326614324
Buildinglong,0.01951016433501973
hazards_present,0.05953724845804267
year_built,0.11583150981304938
mindist,0.3222640678728421
