feature,mean_importance
Buildinglat,-0.0002026347979086962
roof_shape,0.0
wall_substrate,0.0
roof_cover,1.5628776394627232e-05
wall_structure,0.0016643376549555944
foundation_type,0.0018274012776976268
roof_substrate_type,0.006541917419149512
roof_system,0.012687289278729818
Buildinglong,0.015590340114533552
hazards_present,0.05690254246387971
year_built,0.11184423437661448
mindist,0.1737644153252682
