feature,mean_importance
roof_cover,-0.004234113788584804
roof_shape,0.00041083878662009357
wall_substrate,0.0026832384474989148
foundation_type,0.0034080167037418897
wall_structure,0.010574871375767824
roof_substrate_type,0.010903950023446685
Buildinglat,0.011990005755449973
roof_system,0.012220952317523338
Buildinglong,0.04013745068233223
hazards_present,0.05650293968365276
year_built,0.10228214766214841
mindist,0.387935593533756
