feature,shap_importance
mindist,0.3119885791611805
year_built,0.15149181043810683
Buildinglong,0.056389718922052835
hazards_present,0.03590401060604373
roof_substrate_type,0.011209789424418483
Buildinglat,0.00831116627580555
roof_system,0.007380695224158427
foundation_type,0.006838130256622052
wall_structure,0.00649196821784368
roof_cover,0.00272999674733112
wall_substrate,0.00024642761529487686
roof_shape,0.0
