feature,mean_importance
roof_shape,-0.12331198339201403
roof_cover,-0.10732791962242838
wall_substrate,-0.012076752104274613
roof_system,0.02304503974345451
roof_substrate_type,0.05071601276128668
foundation_type,0.07122920902448962
hazards_present,0.14543205548758395
year_built,0.2210697313363439
mindist,0.35403326562333676
