feature,mean_importance
roof_substrate_type,-0.010874174788925028
foundation_type,-0.009931111990787667
year_built,0.00131135862915972
wall_substrate,0.003057434482350585
roof_shape,0.010392108450431436
roof_system,0.02739015634664872
roof_cover,0.03473275908300204
hazards_present,0.05352962759390643
mindist,0.17635570558548985
