feature,mean_importance
roof_shape,-0.10787416337685558
wall_substrate,-0.03655270957012866
roof_substrate_type,-0.002223393923084682
roof_cover,0.008938878016008633
year_built,0.010079911287762266
foundation_type,0.03759342340536542
hazards_present,0.048862740128797634
roof_system,0.10622316740842015
mindist,0.26566136996654754
