feature,mean_importance
roof_system,0.011778712028289196
year_built,0.01946933996000135
wall_substrate,0.09576383957491164
hazards_present,0.0992152749181308
roof_cover,0.16951054352106115
roof_substrate_type,0.22443060709105273
roof_shape,0.2717025203428771
foundation_type,0.405365073039819
mindist,0.7169796058888379
