feature,mean_importance
roof_substrate_type,-0.06894627335712138
roof_cover,-0.0391316898289968
wall_substrate,-0.031944585472091315
year_built,0.004976907527236651
foundation_type,0.04464897841729663
roof_system,0.083944827151287
hazards_present,0.10050904200253927
roof_shape,0.1206546711687273
mindist,0.20482147296827743
