feature,mean_importance
hazards_present,-0.09901865788509082
mindist,-0.01962384477177802
Buildinglat,-0.018293313457597115
roof_substrate_type,-0.011609587341058502
wall_substrate,0.022707167282500662
Unnamed0,0.052769750847625904
rainwater_ingress_damage_rating,0.054053998643904685
surge_damage_rating,3.6570324336569096
wind_damage_rating,6.156354900534288
