feature,mean_importance
roof_substrate_type,-0.007001980527571727
wall_substrate,0.02001881594901924
Unnamed0,0.036891440176652045
Buildinglat,0.04079482578608804
mindist,0.05056813507217221
rainwater_ingress_damage_rating,0.08064895929504634
hazards_present,0.09548919410766324
surge_damage_rating,2.9607302320249103
wind_damage_rating,4.669099979618246
