feature,mean_importance
wall_substrate,0.022612276344315042
rainwater_ingress_damage_rating,0.04493326794151216
hazards_present,0.049107626343032784
Buildinglat,0.06041437629316711
mindist,0.09970739810426159
roof_substrate_type,0.10307577192278039
Unnamed0,0.15193873563996355
surge_damage_rating,2.5906054989494955
wind_damage_rating,4.977090758784149
