feature,mean_importance
mindist,0.015574411592628401
wall_substrate,0.01790988547034509
Buildinglat,0.03145284610703956
rainwater_ingress_damage_rating,0.054607484253247504
Unnamed0,0.05510284547521814
hazards_present,0.080905691821588
roof_substrate_type,0.11918217116440026
surge_damage_rating,2.2838914654048574
wind_damage_rating,4.719252431109221
