feature,mean_importance
number_of_stories,-0.004755840261996625
wall_substrate_Unknown,0.007728472046346635
wall_structure_nan,0.00833322120207971
roof_cover_Asphaltshingleslaminated,0.02018448678644331
roof_substrate_type_Unknown,0.021562110956672754
building_type_SingleFamily,0.04829571071401684
Unnamed0,0.0911772946319737
year_built,0.28548891107480456
mindist,0.36190894310637334
