feature,mean_importance
wall_substrate_Unknown,-0.0008158476516642477
wall_structure_nan,0.007776174190674556
roof_cover_Asphaltshingleslaminated,0.025441091688994867
building_type_SingleFamily,0.06490768349885659
roof_substrate_type_Unknown,0.0802862561522042
number_of_stories,0.0803334789112504
Unnamed0,0.12596980435579733
year_built,0.19510590714568735
mindist,0.4025633143152619
