feature,mean_importance
wall_substrate_Unknown,0.003670430373224587
wall_structure_nan,0.011718994037658859
roof_cover_Asphaltshingleslaminated,0.012809174778188747
building_type_SingleFamily,0.049601588941977505
roof_substrate_type_Unknown,0.0863402032790757
number_of_stories,0.09208620500106482
Unnamed0,0.16405523484347181
year_built,0.22361747384123945
mindist,0.5081296434871655
