feature,mean_importance
wall_substrate_Unknown,0.004969137816802282
wall_structure_nan,0.033590751147854835
roof_cover_Asphaltshingleslaminated,0.04029119867822328
roof_substrate_type_Unknown,0.06943448662149183
number_of_stories,0.0712067375945683
building_type_SingleFamily,0.0987647719304576
Unnamed0,0.12273730169699526
year_built,0.2418430028120479
mindist,0.6826570340326981
