feature,mean_importance
roof_cover_Asphaltshingleslaminated,-0.00013152214658855853
wall_structure_nan,0.0005810646821900134
wall_substrate_Unknown,0.0018300713950512915
roof_substrate_type_Unknown,0.014441536972491975
Unnamed0,0.016459613751459167
number_of_stories,0.024126008736968442
building_type_SingleFamily,0.02741096203369704
year_built,0.1341300611588176
mindist,0.30366139303178097
