feature,mean_importance
roof_cover_Asphaltshingleslaminated,-6.393697505879814e-05
wall_substrate_Unknown,0.00029960201728731486
wall_structure_nan,0.0028476732677225947
number_of_stories,0.02148710153295552
Unnamed0,0.023487575133847027
building_type_SingleFamily,0.027655481873480502
roof_substrate_type_Unknown,0.038029415485439345
year_built,0.12403398601020746
mindist,0.5379582830738451
