feature,mean_importance
rainwater_ingress_damage_rating,-0.019988727393081905
mindist,-0.0075547130053055245
wall_substrate,0.040515032123866646
hazards_present,0.055574143487415406
Buildinglat,0.09506503608635075
Unnamed0,0.10016079477429143
roof_substrate_type,0.17218241388253208
surge_damage_rating,2.888695548347318
wind_damage_rating,6.15162142164108
