feature,mean_importance
rainwater_ingress_damage_rating,-0.09036566838726767
Unnamed0,-0.00502133030823706
hazards_present,0.060901486584231335
roof_substrate_type,0.07453869502606536
wall_substrate,0.08895732187983588
mindist,0.09229923499578745
Buildinglat,0.20550181146729168
surge_damage_rating,3.9592944979884224
wind_damage_rating,6.297716697857018
