feature,mean_importance
mindist,0.005441774053390036
wall_substrate,0.020722098642674602
rainwater_ingress_damage_rating,0.031116567687695107
roof_substrate_type,0.07203644864401688
Unnamed0,0.0857096738638898
hazards_present,0.09402559452697176
Buildinglat,0.15231638451621857
surge_damage_rating,2.9885895112911833
wind_damage_rating,4.728159958940616
