feature,mean_importance
wall_substrate,-0.05069263566937745
Unnamed0,-0.014590006786723442
hazards_present,-0.010652827423902712
roof_substrate_type,0.013803013745597715
rainwater_ingress_damage_rating,0.02198393040592126
Buildinglat,0.10626202166148495
mindist,0.2090837127811837
surge_damage_rating,4.0189034014141445
wind_damage_rating,6.546837856843174
