feature,mean_importance
number_of_stories,0.002276487159274021
wall_structure_nan,0.003974110202388514
wall_substrate_Unknown,0.00656782092649677
roof_cover_Asphaltshingleslaminated,0.007690972822081354
roof_substrate_type_Unknown,0.023299797920732224
building_type_SingleFamily,0.04092469333876179
Unnamed0,0.050641191001767026
year_built,0.1747419439731793
mindist,0.3148973713763331
