feature,mean_importance
wall_substrate_Unknown,0.0014589421980129246
roof_cover_Asphaltshingleslaminated,0.004076808604564009
wall_structure_nan,0.019964224250471042
number_of_stories,0.037108417296672955
Unnamed0,0.04989039478043426
building_type_SingleFamily,0.05357650569316734
roof_substrate_type_Unknown,0.061386234030506893
year_built,0.1643234085316221
mindist,0.561826758219627
