feature,mean_importance
hazards_present,-0.25797437396316497
roof_substrate_type,0.05882094968345486
wall_substrate,0.098599953080409
roof_shape,0.1367555341699087
foundation_type,0.21095478363641035
roof_cover,0.22183160650434058
year_built,0.22436670064796252
roof_system,0.2999973749311823
mindist,0.6109467825242543
