feature,mean_importance
roof_cover,-0.08161372562862228
foundation_type,-0.05661295289951971
wall_substrate,0.15050585344264594
year_built,0.19932881447112472
hazards_present,0.20921212821586224
roof_shape,0.23853830814737353
roof_substrate_type,0.33785052977395613
roof_system,0.43820481287485247
mindist,0.7961669487119462
