feature,mean_importance
roof_shape,-0.02795980089718597
roof_substrate_type,0.0025979468056852805
year_built,0.011162093644311578
roof_cover,0.016326715284435613
wall_substrate,0.029731971345145734
foundation_type,0.029830082330920105
roof_system,0.04435957191848607
hazards_present,0.07940151626386185
mindist,0.20426536303953885
