feature,mean_importance
wall_substrate,-0.07554329440028296
foundation_type,-0.06676264116882588
year_built,0.029008200580991426
roof_system,0.06586956796102958
roof_substrate_type,0.09578607831162626
roof_cover,0.13747470461198025
roof_shape,0.16000788350130835
hazards_present,0.160855154610167
mindist,0.8968863014543551
