feature,mean_importance
Buildinglat,-0.00743609472879454
wall_substrate,0.0004142026226926276
roof_cover,0.0025088789534965404
roof_shape,0.002785503959384572
wall_structure,0.0036986240458863227
foundation_type,0.004113415905552498
roof_substrate_type,0.004686987917965335
Buildinglong,0.025172390068541505
roof_system,0.025273181471356754
hazards_present,0.07818343435193842
year_built,0.14470337665588945
mindist,0.1776149893812935
