feature,mean_importance
Buildinglat,-0.02468483322756305
wall_substrate,-0.006973355591043262
roof_cover,-0.0010676369599711855
roof_shape,-0.00044504112539005546
foundation_type,-0.000407397571179402
wall_structure,0.005774927053027912
Buildinglong,0.009042119026253116
roof_substrate_type,0.01607041650411356
roof_system,0.01943693960238977
hazards_present,0.07977561825908956
year_built,0.17750047895510762
mindist,0.21496818031886322
