feature,mean_importance
roof_cover,-0.001824391681767379
roof_shape,-0.001763148647236834
wall_substrate,0.0028591901484443794
foundation_type,0.007272217630618361
wall_structure,0.009176596787517565
Buildinglat,0.013405359641444358
roof_substrate_type,0.01968641601924568
roof_system,0.02120840407378375
Buildinglong,0.07892961036207961
hazards_present,0.1188234965626122
year_built,0.16378121119179995
mindist,0.40743546533626107
