feature,mean_importance
roof_cover,-0.0018540670008132532
roof_shape,-0.0018130809947616954
foundation_type,-0.00010784657799145503
wall_substrate,0.0029733706432711225
wall_structure,0.004293862309229746
roof_system,0.0193298080240365
roof_substrate_type,0.022446387144171465
Buildinglat,0.040439752642952985
Buildinglong,0.08636589503301562
hazards_present,0.17038779797006473
year_built,0.1761730146791168
mindist,0.3063943622051565
