feature,mean_importance
roof_substrate_type,-0.012636255964162712
wall_substrate,0.0016560652739693537
roof_cover,0.0017554570783474776
foundation_type,0.002727505030030253
roof_shape,0.0039524918129787865
roof_system,0.018694090976412746
hazards_present,0.030409547980366814
year_built,0.13725164837757733
mindist,0.3243740936905825
