feature,shap_importance
mindist,0.3637072172693079
year_built,0.25515376141472706
hazards_present,0.06638682255692979
roof_system,0.03341595375667278
roof_shape,0.027996613730734487
roof_cover,0.021100201357389336
roof_substrate_type,0.014205073306102685
foundation_type,0.008282667076315652
wall_substrate,0.0034829100288976023
