feature,mean_importance
roof_cover,-0.010469517514571213
roof_shape,-0.000740602100789145
wall_substrate,-0.0005382231823655825
foundation_type,0.0006951420073836978
roof_substrate_type,0.003930454958105223
roof_system,0.011046853105366062
hazards_present,0.060005803746318566
year_built,0.11953397545326791
mindist,0.2821735082365029
