feature,shap_importance
mindist,0.3497779120105409
year_built,0.23293442904503892
hazards_present,0.06756979043729347
roof_substrate_type,0.03452670407383069
roof_cover,0.02975971937392898
roof_system,0.027778839737654548
roof_shape,0.01480654876378831
foundation_type,0.011625174029360036
wall_substrate,0.0036311620792767695
