feature,shap_importance
mindist,0.38136974141003166
year_built,0.2361811387319928
hazards_present,0.08281033709761393
roof_system,0.0336098044968266
foundation_type,0.02636609251385904
roof_substrate_type,0.01798459705517942
roof_shape,0.012682178646765544
roof_cover,0.009552339786396715
wall_substrate,0.0023546599261667707
