feature,mean_importance
foundation_type,-0.001373459093823648
wall_substrate,-0.0010297708357744906
roof_system,0.0032397267852349644
roof_cover,0.004377757923263381
roof_shape,0.005559858941987228
roof_substrate_type,0.007341208700847446
hazards_present,0.03374123772296511
year_built,0.1623829037190032
mindist,0.36541491995618525
