feature,mean_importance
wall_substrate,0.00043399135806909683
foundation_type,0.0013904620188994964
roof_substrate_type,0.0034686017674360413
roof_shape,0.0035833816408999295
roof_cover,0.006663649393404958
roof_system,0.009116099847934845
hazards_present,0.053585582411009455
year_built,0.16363718337758676
mindist,0.4159410305589618
