feature,mean_importance
wall_substrate_Unknown,0.007691933021892372
roof_cover_Asphaltshingleslaminated,0.012629956840620049
wall_structure_nan,0.012797946455392051
building_type_SingleFamily,0.062366840633434895
roof_substrate_type_Unknown,0.06279000951258977
number_of_stories,0.08320150559797879
Unnamed0,0.12461149066077129
year_built,0.17579650097141597
mindist,0.37785280482148087
