feature,mean_importance
wall_substrate_Unknown,0.0014662046411525465
wall_structure_nan,0.006430956326718684
roof_cover_Asphaltshingleslaminated,0.013084766409412274
number_of_stories,0.06681757671397678
building_type_SingleFamily,0.07054367692805256
roof_substrate_type_Unknown,0.07301645188555692
Unnamed0,0.13424891010763665
year_built,0.2108462494985138
mindist,0.4903836712645521
