feature,mean_importance
wall_substrate_Unknown,-0.0006559244424051202
roof_cover_Asphaltshingleslaminated,0.01694884672955188
wall_structure_nan,0.049577783616451
number_of_stories,0.07051074320473205
roof_substrate_type_Unknown,0.07895498439595813
Unnamed0,0.10196577014323134
building_type_SingleFamily,0.10796540296010866
year_built,0.3180778468737825
mindist,0.6305075091745825
