feature,mean_importance
wall_substrate,-0.025148516346313765
roof_substrate_type,-0.01741869422577904
wall_structure,-0.009305155752101913
roof_cover,0.016445628687575774
year_built,0.018671464152957395
roof_system,0.043621132049076514
roof_shape,0.05901484164970017
Buildinglat,0.09545274609580938
foundation_type,0.12603239085814752
hazards_present,0.12678987788215723
Buildinglong,0.20357992321364451
mindist,0.490992628788265
