feature,mean_importance
roof_shape,-0.041663449438354094
Buildinglat,-0.008282243411045265
foundation_type,-0.007843838438085182
roof_substrate_type,0.017516953540215697
wall_substrate,0.017904400544103204
roof_cover,0.027114701106547057
year_built,0.02762436432181479
wall_structure,0.03573131545581561
hazards_present,0.06400236182361971
Buildinglong,0.07977085278440621
roof_system,0.10583319456879518
mindist,0.12234070486884271
