feature,mean_importance
wall_substrate,-0.02740697698586154
roof_substrate_type,-0.005723173662493375
roof_system,-0.004313055806438548
year_built,0.001803804418465349
roof_cover,0.0024391754950882304
Buildinglong,0.0032330244795624186
foundation_type,0.005905213702964929
roof_shape,0.00664666278772974
wall_structure,0.017743322662850124
hazards_present,0.02619431004595949
Buildinglat,0.05444337322056576
mindist,0.08255424733133573
