feature,mean_importance
number_of_stories,0.006574589631267958
wall_substrate_Unknown,0.017061992811782955
wall_structure_nan,0.02501256898689961
roof_substrate_type_Unknown,0.03047964540514434
roof_cover_Asphaltshingleslaminated,0.04199503794161834
building_type_SingleFamily,0.09365897658096059
Unnamed0,0.11675800127554037
mindist,0.2557605660702239
year_built,0.2905841541133592
