feature,mean_importance
wall_structure_nan,0.004342894650396789
wall_substrate_Unknown,0.005717938184621851
roof_cover_Asphaltshingleslaminated,0.0196472088925189
building_type_SingleFamily,0.03163888229050675
number_of_stories,0.08786460185878289
roof_substrate_type_Unknown,0.09289163465030528
Unnamed0,0.1473903584029485
year_built,0.25156920747786726
mindist,0.3961587391133196
