feature,mean_importance
number_of_stories_sum_Buildinglat,0.05331259536541109
hazards_present,0.05539888300127891
year_built,0.16561158339856025
mindist,0.21977687142157953
