feature,mean_importance
number_of_stories_sum_Buildinglat,0.09120222069636119
hazards_present,0.13374486923718654
year_built,0.22981632096426835
mindist,0.33513623522359787
