feature,mean_importance
number_of_stories_sum_Buildinglat,0.1180107028555061
hazards_present,0.11912935136233335
year_built,0.19981498645018717
mindist,0.2882113926617775
