feature,mean_importance
hazards_present,0.03961834702956479
number_of_stories_sum_Buildinglat,0.08266306347766164
year_built,0.20477393610497646
mindist,0.27427732458306564
