feature,mean_importance
number_of_stories_sum_Buildinglat,0.0790781917942673
hazards_present,0.12102985075291475
year_built,0.1641954793023463
mindist,0.20869830610121004
