feature,mean_importance
hazards_present,-0.12374255052809328
wall_substrate,-0.08547931649672433
wall_structure,-0.053388846083446274
Buildinglat,-0.0483934197602119
roof_cover,-0.02042133993528026
roof_system,-0.007514245152735443
Buildinglong,0.02757434172516482
foundation_type,0.031125606506952997
roof_shape,0.03825062763805405
year_built,0.053949959143066106
mindist,0.07473217139003249
roof_substrate_type,0.07795729641799772
