feature,mean_importance
roof_shape,-0.00319025069349359
foundation_type,0.00017006558141889893
roof_cover,0.0013218650368832074
wall_substrate,0.003531291503774647
wall_structure,0.003897492914428069
roof_system,0.011537589634936651
Buildinglat,0.027064060274777035
roof_substrate_type,0.02806781316925482
Buildinglong,0.08931309926967383
year_built,0.16272838965079195
hazards_present,0.18322902320081766
mindist,0.31079306700277715
