feature,mean_importance
Buildinglat,-0.008538049524109748
foundation_type,-0.0017983629979857695
roof_cover,-0.0008161587511377189
roof_shape,2.9805825334494605e-05
wall_substrate,3.26319028622013e-05
wall_structure,0.005870006783016035
roof_substrate_type,0.006173335162153082
roof_system,0.011424257371880686
Buildinglong,0.036350388190541774
hazards_present,0.0750870798440582
year_built,0.17288165512809145
mindist,0.3234400104447234
