feature,shap_importance
mindist,0.28106125601770243
year_built,0.2784771751216542
roof_substrate_type,0.0904038356672675
Buildinglong,0.08696396959427832
hazards_present,0.07365667871133884
Buildinglat,0.05795605785000415
roof_shape,0.010607596637320367
roof_cover,0.007821776820712202
wall_structure,0.0069602326514931825
roof_system,0.006717148580633167
wall_substrate,0.006561130328321935
foundation_type,0.004387759567673726
