feature,shap_importance
mindist,0.2837256910707036
year_built,0.22079612159912124
Buildinglong,0.11140286859014539
hazards_present,0.07523279872968272
roof_substrate_type,0.06835113735082057
roof_system,0.03565803872334809
Buildinglat,0.03156333413650222
wall_substrate,0.014881287459414829
wall_structure,0.014860968207131217
roof_cover,0.012493763295875504
roof_shape,0.008664632231566062
foundation_type,0.007992208715790261
