feature,mean_importance
Unnamed0,-0.010604847950513752
hazards_present,-0.003616886246568063
Buildinglat,-0.0032442428103552135
rainwater_ingress_damage_rating,3.3306690738754695e-17
wall_substrate,4.4408920985006264e-17
mindist,0.0028861600164636347
roof_substrate_type,0.00619879417461161
surge_damage_rating,0.8948215203903744
wind_damage_rating,3.5294195527187684
