feature,mean_importance
mindist,-0.0009449552402133743
rainwater_ingress_damage_rating,-9.364656133770132e-07
wall_substrate,0.00261349906653896
roof_substrate_type,0.006230205402576483
Buildinglat,0.006616056723409258
Unnamed0,0.011562827991582092
hazards_present,0.0321994626742423
surge_damage_rating,0.5454696501990396
wind_damage_rating,3.128958054950388
