feature,mean_importance
wall_structure_nan,0.015201447594277084
roof_cover_Asphaltshingleslaminated,0.017262083099516202
wall_substrate_Unknown,0.01758628021165156
building_type_SingleFamily,0.046566132823570736
roof_substrate_type_Unknown,0.07379006366994141
number_of_stories,0.08317459076568709
Unnamed0,0.11316841397886972
year_built,0.23211602361796374
mindist,0.3873304733680194
