feature,mean_importance
wall_substrate_Unknown,-0.005035077408094191
wall_structure_nan,0.01316654128767969
roof_cover_Asphaltshingleslaminated,0.027027818861160947
roof_substrate_type_Unknown,0.0552094191211097
number_of_stories,0.06385025638471478
building_type_SingleFamily,0.07526488768418504
Unnamed0,0.12346385793043284
year_built,0.1647881059741881
mindist,0.2469345022001858
