feature,mean_importance
wall_substrate_Unknown,0.00835988468569373
wall_structure_nan,0.011182310174083198
roof_cover_Asphaltshingleslaminated,0.013835213026319359
building_type_SingleFamily,0.05436532485435639
roof_substrate_type_Unknown,0.0652865029791925
number_of_stories,0.0926142998057824
Unnamed0,0.15701010747198207
year_built,0.21806841147528527
mindist,0.4223926165624835
