feature,mean_importance
wall_substrate_Unknown,0.010018567602821915
roof_cover_Asphaltshingleslaminated,0.026859925039874267
wall_structure_nan,0.03992928153945212
number_of_stories,0.06655411882516801
roof_substrate_type_Unknown,0.0798755225976557
building_type_SingleFamily,0.08804497009920573
Unnamed0,0.16278639616716364
year_built,0.2536251458064199
mindist,0.47423072333436156
