feature,mean_importance
Unnamed0,-0.02873695425218894
rainwater_ingress_damage_rating,0.0036042339631513045
roof_substrate_type,0.018611352507395717
Buildinglat,0.03907110423859659
wall_substrate,0.05543587924464355
mindist,0.0697853982623842
hazards_present,0.16555954215701515
surge_damage_rating,3.6011014813935085
wind_damage_rating,5.069286107657595
