feature,mean_importance
wall_substrate,0.01373873553368995
rainwater_ingress_damage_rating,0.02619113046125602
Buildinglat,0.04916244185348817
Unnamed0,0.059947104798041294
roof_substrate_type,0.07912784554659534
hazards_present,0.09029465399978785
mindist,0.11145018031045253
surge_damage_rating,2.9434143972014866
wind_damage_rating,5.633268037496839
