feature,mean_importance
mindist,-0.02135042269502909
rainwater_ingress_damage_rating,-0.017790812530494915
Buildinglat,0.006933549686659069
hazards_present,0.009885184956934856
roof_substrate_type,0.022205250992394045
wall_substrate,0.032827225255612526
Unnamed0,0.045110799785824315
surge_damage_rating,2.6852029451718438
wind_damage_rating,4.988078661866457
