feature,mean_importance
wall_substrate_Unknown,-0.0020342188894621805
roof_cover_Asphaltshingleslaminated,0.019782478430879324
wall_structure_nan,0.04768192285560471
number_of_stories,0.0727732996489701
roof_substrate_type_Unknown,0.08302190121448638
building_type_SingleFamily,0.10784076186157936
Unnamed0,0.1300029019823884
year_built,0.3435551816428655
mindist,0.6399940011939513
