feature,mean_importance
wall_substrate_Unknown,0.008360112719129443
roof_cover_Asphaltshingleslaminated,0.009847767974544518
number_of_stories,0.013469584608015905
wall_structure_nan,0.017885176687153104
roof_substrate_type_Unknown,0.048422475909419636
building_type_SingleFamily,0.08175342925842746
Unnamed0,0.09212708288592646
year_built,0.26406880229488705
mindist,0.37111448073188447
