feature,mean_importance
wall_substrate_Unknown,-0.007858697874849585
roof_cover_Asphaltshingleslaminated,0.014103335749654633
wall_structure_nan,0.035033279011753814
roof_substrate_type_Unknown,0.07176932014803727
number_of_stories,0.08035262305412025
building_type_SingleFamily,0.1008551127676001
Unnamed0,0.1109507380006394
year_built,0.3861873729754845
mindist,0.4457672002132088
