feature,mean_importance
roof_shape,-0.004169325939049307
roof_cover,-0.001246029747190036
wall_substrate,9.478716118742625e-05
roof_substrate_type,0.0013508367567201419
foundation_type,0.0014148099538300318
roof_system,0.017040319025304028
hazards_present,0.07149949516309703
year_built,0.12350266764622689
mindist,0.28380854468175803
