feature,mean_importance
foundation_type,-0.0010781781094820087
wall_substrate,0.00041040630279338687
roof_cover,0.0005663948833100285
roof_substrate_type,0.004485835439973318
roof_shape,0.005268238542526315
roof_system,0.006957360802091417
hazards_present,0.0695258257600285
year_built,0.15786580468422198
mindist,0.37308752790933164
