feature,shap_importance
mindist,0.3542021126615753
year_built,0.22994432913753138
hazards_present,0.09162090380172949
roof_system,0.030415232562365047
roof_shape,0.027311258312928355
roof_cover,0.012662387687172736
foundation_type,0.0118848158121987
roof_substrate_type,0.0056134423302855625
wall_substrate,0.0016126818664365867
