feature,mean_importance
roof_shape,-0.00043631250414941645
wall_substrate,0.0
roof_substrate_type,0.0
roof_cover,9.209796912652557e-05
foundation_type,0.014976295169790443
roof_system,0.020624592941420383
hazards_present,0.07400731516585331
year_built,0.09470865750784876
mindist,0.4269199755234624
