feature,mean_importance
wall_structure_nan,0.0010517942445095185
roof_cover_Asphaltshingleslaminated,0.001739026955532985
wall_substrate_Unknown,0.008362990085025456
number_of_stories,0.024210762607361457
Unnamed0,0.027283644864432688
roof_substrate_type_Unknown,0.03125762226081756
building_type_SingleFamily,0.03911655729522525
year_built,0.14957792449401042
mindist,0.298453725062937
