feature,mean_importance
wall_substrate_Unknown,0.0007218365405022408
roof_cover_Asphaltshingleslaminated,0.003502814471556892
wall_structure_nan,0.009108542872845172
number_of_stories,0.028976053023507677
Unnamed0,0.032354941246272514
building_type_SingleFamily,0.038579943654105886
roof_substrate_type_Unknown,0.053592700860787955
year_built,0.14040472174600735
mindist,0.5697693174015561
