feature,mean_importance
roof_cover_Asphaltshingleslaminated,-0.0002018443886631749
wall_substrate_Unknown,0.0021183174676835614
wall_structure_nan,0.004524848759371314
building_type_SingleFamily,0.00782959080444201
number_of_stories,0.033188790992390936
Unnamed0,0.03890686685049523
roof_substrate_type_Unknown,0.05030778059472858
year_built,0.0853896730462224
mindist,0.29576039489154116
