feature,mean_importance
number_of_stories,-0.0010897238730656288
wall_structure_nan,0.0035056314713656223
wall_substrate_Unknown,0.00529161668599214
roof_cover_Asphaltshingleslaminated,0.006339459126315461
roof_substrate_type_Unknown,0.02396029219779423
building_type_SingleFamily,0.03428231793601151
Unnamed0,0.042368780631454814
year_built,0.1486057771738955
mindist,0.3244496577445279
