feature,mean_importance
Buildinglat,-0.0005572531480415588
roof_substrate_type,1.98983330621294e-05
roof_cover,0.0003184526265168186
wall_substrate,0.0005712025783561669
roof_shape,0.0017070845879495699
foundation_type,0.004638659679005408
wall_structure,0.004643825879071617
roof_system,0.01339036745644213
Buildinglong,0.04767111940523141
hazards_present,0.0727694227953215
year_built,0.14065403022360873
mindist,0.16743407770457797
