feature,mean_importance
Buildinglat,-0.012904276703192007
roof_substrate_type,-0.008678011739072723
wall_substrate,-0.0032008573872838618
wall_structure,-0.0017054924945605122
foundation_type,-1.1102230246251565e-16
roof_cover,-1.1102230246251565e-16
roof_shape,0.0012402371199395912
roof_system,0.021694011812224724
Buildinglong,0.030380100313435653
hazards_present,0.08354463411523047
year_built,0.15341868289129992
mindist,0.20489243105476707
