feature,mean_importance
roof_shape,-0.042395580870182116
roof_cover,0.011248442059151853
Buildinglong,0.024040897824946828
wall_structure,0.032101241376707404
Buildinglat,0.03215716821539618
wall_substrate,0.03721047498795575
roof_substrate_type,0.04185951504263752
foundation_type,0.0419678910068344
roof_system,0.07716230025594457
hazards_present,0.11024256552267812
year_built,0.11724183888747339
mindist,0.27413855747351146
