feature,mean_importance
roof_shape,-0.012553070470714568
wall_substrate,0.005922238338709929
year_built,0.006218759253010431
roof_cover,0.008092070576769906
roof_system,0.01652524849953574
Buildinglat,0.033326896311455356
foundation_type,0.04633027897491919
wall_structure,0.05048404839956455
hazards_present,0.056395882065367345
roof_substrate_type,0.08063212088642355
Buildinglong,0.09114437809321965
mindist,0.26283894686215153
