feature,mean_importance
wall_structure,-0.053065279757126604
wall_substrate,-0.05168778395750999
roof_shape,-0.03151466005870838
roof_cover,0.006875468518988503
roof_substrate_type,0.0171004568066603
foundation_type,0.02159669377941027
hazards_present,0.04094469394929288
year_built,0.06345917302875681
roof_system,0.06879579520200733
Buildinglat,0.07960939576559575
Buildinglong,0.11945870256679862
mindist,0.3782268317930509
