feature,mean_importance
wall_substrate_Unknown,0.006430040640852975
number_of_stories,0.007766200096787501
wall_structure_nan,0.010927570792563391
roof_cover_Asphaltshingleslaminated,0.02804035212825844
roof_substrate_type_Unknown,0.028432891700610717
building_type_SingleFamily,0.07085325843143364
Unnamed0,0.08913591580024109
year_built,0.2259294087298358
mindist,0.24029014020220033
