feature,mean_importance
Buildinglat,-0.012904276703191876
roof_substrate_type,-0.008678011739072612
wall_substrate,-0.0032008573872837507
wall_structure,-0.0017054924945604012
roof_cover,2.2204460492503132e-17
foundation_type,6.661338147750939e-17
roof_shape,0.0012402371199397022
roof_system,0.021694011812224835
Buildinglong,0.030380100313435764
hazards_present,0.08354463411523058
year_built,0.15341868289130003
mindist,0.2048924310547672
