feature,mean_importance
Buildinglat,-0.006710637377341966
roof_system,-0.001198104690471613
foundation_type,-0.0009144883827116868
roof_substrate_type,-0.0005700019806701651
roof_shape,0.0
wall_substrate,0.0
roof_cover,0.004140852782044813
wall_structure,0.010989558148866308
Buildinglong,0.04429331277269692
hazards_present,0.06752963324131056
year_built,0.14942224480119454
mindist,0.28135863590045024
