feature,mean_importance
Buildinglat,-0.000557253148041581
roof_substrate_type,1.98983330621294e-05
roof_cover,0.0003184526265168186
wall_substrate,0.0005712025783561226
roof_shape,0.0017070845879496143
foundation_type,0.004638659679005408
wall_structure,0.004643825879071639
roof_system,0.013390367456442153
Buildinglong,0.04767111940523141
hazards_present,0.07276942279532153
year_built,0.14065403022360876
mindist,0.16743407770457797
