feature,mean_importance
wall_substrate,0.008271795781970171
Buildinglat,0.02103203835532321
wall_structure,0.03417187972119329
roof_shape,0.03499244619149784
roof_substrate_type,0.04237111884580429
roof_cover,0.04395648690686582
roof_system,0.08092932479992487
Buildinglong,0.08863505587676557
hazards_present,0.0975786874729083
foundation_type,0.09786389572246737
year_built,0.11910336972832347
mindist,0.39207011683914594
