feature,mean_importance
Buildinglong,-0.0030619626916562836
wall_structure,0.0020875791756616467
year_built,0.0029074533008623506
roof_cover,0.010158867553899631
wall_substrate,0.01759381676233405
roof_substrate_type,0.022658742382463393
roof_shape,0.0262670632532803
Buildinglat,0.027987973313704728
foundation_type,0.02835531956885844
roof_system,0.03179882469021238
hazards_present,0.041663356397115915
mindist,0.2900835592851648
