feature,mean_importance
roof_cover,0.00042973945095359234
wall_substrate,0.004717841262116895
roof_shape,0.007318600094679795
year_built,0.014820226044942575
roof_system,0.026749504835104788
foundation_type,0.03266029175611571
wall_structure,0.03808575120125277
roof_substrate_type,0.046744129259025845
Buildinglong,0.0880243911076852
Buildinglat,0.11875419870711176
hazards_present,0.15059248085625299
mindist,0.5033189067853352
